country_id,population
100,557295
101,534979
102,556265
103,602324
104,576560
105,670359
106,267232
107,371515
108,426591
109,225993
110,257567
111,317985
112,169620
113,263678
114,590021
115,237552
116,522720
117,568344
118,253160
119,610478
120,571285
121,180890
122,590500
123,714979
124,522644
125,436633
126,402373
127,248068
128,684095
129,209734
130,560383
131,586991
132,198399
133,371094
134,434109
135,733029
136,528048
137,617975
138,471778
139,301815
140,166540
141,773556
142,767512
143,244970
144,749029
145,413381
146,615734
147,196906
148,487283
149,280904
150,132884
151,128456
152,659670
153,668852
154,588715
155,407290
156,433830
157,652661
158,128849
159,420590
160,582936
161,377741
162,348293
163,746900
164,368636
165,652707
166,141172
167,383914
168,539897
169,127794
170,335026
171,108717
172,291173
173,788822
174,329493
175,685979
176,628770
177,279578
178,377044
179,426919
180,550444
181,523557
182,166801
183,315540
184,736776
185,347172
186,533729
187,603525
188,327424
189,539973
190,147140
191,201326
192,351335
193,686329
194,202911
195,421363
196,166687
197,524920
198,317850
199,188561
200,113803
201,532364
202,361310
203,138078
204,481550
205,725744
206,652411
207,767460
208,536907
209,143967
210,139398
211,459812
212,686053
213,564691
214,587590
215,391687
216,487756
217,471635
218,433545
219,651672
220,255210
221,627766
222,337779
223,596511
224,787667
225,620133
226,411903
227,692204
228,318580
229,339226
230,103444
231,614866
232,238918
233,262794
234,300742
235,670260
236,279856
237,144549
238,576757
239,762889
240,380791
241,258557
242,514529
243,473848
244,682612
245,740535
246,315057
247,223390
248,757148
249,451012
250,712250
251,718548
252,264999
253,463786
254,654617
255,263735
256,197536
257,114238
258,549588
259,545832
260,413497
261,504777
262,690876
263,773914
264,761913
265,157607
266,446237
267,698290
268,764454
269,735557
270,360098
271,284822
272,604883
273,186459
274,529531
275,649450
276,108256
277,345895
278,705098
279,767646
280,559078
281,714040
282,125712
283,760877
284,415409
285,521561
286,798521
287,692850
288,629819
289,549205
290,610152
291,214113
292,209223
293,530640
294,799770
295,314938
296,480500
297,491839
298,743255
299,177752
300,731273
301,595484
302,249834
303,676125
304,157030
305,465432
306,505961
307,254626
308,290053
309,636368
310,323861
311,709030
312,563331
313,223969
314,440768
315,194003
316,113610
317,285685
318,435586
319,505985
320,241478
321,696343
322,147874
323,642205
324,387986
325,535755
326,726592
327,499243
328,695213
329,102080
330,599244
331,461350
332,416305
333,651527
334,241657
335,320108
336,624837
337,527223
338,643763
339,103700
340,797154
341,431250
342,727336
343,417496
344,147038
345,232329
346,579454
347,238455
348,600306
349,731666
350,304498
351,485811
352,751907
353,395046
354,563541
355,591449
356,660586
357,695149
358,460331
359,445216
360,533374
361,564087
362,714981
363,426842
364,102913
365,519550
366,106994
367,483764
368,175610
369,391459
370,164262
371,703138
372,466307
373,263384
374,151521
375,736863
376,748039
377,595552
378,320868
379,598167
380,340506
381,473393
382,650101
383,503972
384,240008
385,514313
386,411210
387,448199
388,344091
389,706586
390,712883
391,287888
392,372451
393,211851
394,386997
395,595957
396,459157
397,137776
398,471483
399,100813
400,279010
401,570705
402,709646
403,366742
404,356317
405,579552
406,706863
407,129596
408,625935
409,413887
410,668842
411,531546
412,680065
413,325316
414,505172
415,254286
416,615055
417,543426
418,140701
419,458116
420,299147
421,756847
422,611057
423,270452
424,263703
425,251740
426,125803
427,394425
428,505963
429,637981
430,636937
431,722130
432,175541
433,384070
434,425834
435,681599
436,266809
437,795856
438,416810
439,147327
440,277057
441,500242
442,191534
443,517391
444,290730
445,556913
446,642996
447,326606
448,567814
449,684899
450,768942
451,277126
452,160768
453,572967
454,571354
455,387954
456,251606
457,176335
458,733075
459,107705
460,533879
461,670083
462,371831
463,303414
464,601709
465,715063
466,475331
467,629200
468,297562
469,122804
470,386529
471,730862
472,361863
473,673396
474,124253
475,225088
476,201265
477,191541
478,627114
479,643834
480,624823
481,559249
482,116511
483,338133
484,359587
485,580607
486,323400
487,405106
488,159786
489,169270
490,142470
491,755565
492,316196
493,251238
494,159581
495,687149
496,690695
497,490329
498,643913
499,344619
500,317474
501,311113
502,591244
503,257590
504,490417
505,430448
506,675049
507,635607
508,101218
509,240278
510,384966
511,537971
512,763430
513,210402
514,343923
515,157613
516,138133
517,506997
518,359186
519,218986
520,660239
521,636245
522,123316
523,580839
524,153662
525,527364
526,572795
527,372279
528,618053
529,456159
530,484947
531,413169
532,142940
533,531692
534,439955
535,728031
536,776750
537,606162
538,340347
539,359810
540,728450
541,619215
542,675586
543,387544
544,611551
545,561175
546,349533
547,437367
548,733229
549,405406
550,456671
551,342066
552,233243
553,487754
554,335548
555,530976
556,779116
557,429985
558,249778
559,559822
560,650966
561,536991
562,268200
563,632437
564,722095
565,456228
566,667603
567,210783
568,508962
569,134184
570,359054
571,420888
572,637589
573,306794
574,447006
575,142578
576,405149
577,242387
578,237257
579,506521
580,747530
581,438354
582,488148
583,484336
584,205201
585,171595
586,741398
587,273263
588,252626
589,305405
590,224735
591,752418
592,510440
593,353073
594,674402
595,762752
596,104181
597,521173
598,247787
599,184722
600,126152
601,774615
602,187258
603,542416
604,552838
605,201085
606,729206
607,547681
608,768622
609,730123
610,225026
611,256311
612,189047
613,247023
614,499811
615,686643
616,193199
617,583457
618,629158
619,332247
620,395885
621,168651
622,253250
623,300403
624,762180
625,232127
626,778282
627,369835
628,420250
629,707556
630,752315
631,310096
632,658315
633,123906
634,747752
635,189451
636,290070
637,283944
638,639786
639,436820
640,756004
641,378521
642,544027
643,746690
644,502781
645,245731
646,519262
647,337467
648,144229
649,619999
650,562572
651,418961
652,329092
653,120734
654,418936
655,708435
656,780742
657,565110
658,658570
659,646688
660,620149
661,766907
662,268289
663,755641
664,724639
665,613956
666,398682
667,234750
668,416007
669,646395
670,243681
671,269688
672,635378
673,179579
674,203374
675,446384
676,725780
677,241728
678,313988
679,757568
680,391069
681,238707
682,570994
683,282265
684,455171
685,795280
686,683956
687,446518
688,112763
689,261986
690,427583
691,219048
692,564524
693,164249
694,554795
695,340132
696,348084
697,771233
698,465963
699,698075
700,255319
701,187315
702,122721
703,442333
704,538331
705,146463
706,156866
707,548607
708,785668
709,784628
710,670835
711,593776
712,191824
713,190559
714,422682
715,314805
716,326596
717,643500
718,145508
719,711508
720,542311
721,510029
722,510098
723,378282
724,551512
725,121563
726,624549
727,671209
728,527078
729,208012
730,667750
731,148978
732,580027
733,421986
734,611825
735,445033
736,613606
737,371329
738,287398
739,584419
740,707436
741,696032
742,459245
743,778150
744,650590
745,509897
746,205713
747,304271
748,208828
749,378311
750,243048
751,485505
752,228680
753,265062
754,187365
755,670024
756,237469
757,655374
758,459407
759,657816
760,710419
761,680387
762,657845
763,313900
764,311809
765,112847
766,124917
767,251165
768,571314
769,684128
770,640292
771,493463
772,498453
773,509138
774,541023
775,270766
776,325930
777,632223
778,227016
779,103033
780,396904
781,693822
782,280263
783,765730
784,491001
785,727612
786,299204
787,762328
788,190613
789,237636
790,274466
791,328219
792,482650
793,346562
794,361974
795,770936
796,145397
797,119429
798,562297
799,610782
800,246053
801,733985
802,347924
803,757807
804,403228
805,208873
806,786563
807,467258
808,117813
809,505514
810,668979
811,643768
812,494575
813,728580
814,584272
815,470039
816,179420
817,659199
818,168859
819,751959
820,738229
821,216242
822,225640
823,719176
824,505428
825,497359
826,319986
827,347857
828,690824
829,630938
830,555247
831,685341
832,715718
833,400341
834,152324
835,312715
836,188211
837,447975
838,657783
839,353982
840,282456
841,516078
842,260983
843,462399
844,700959
845,423061
846,526261
847,432893
848,104518
849,706531
850,195239
851,380950
852,587891
853,338218
854,202123
855,173987
856,142206
857,764298
858,328817
859,213903
860,354023
861,206743
862,332427
863,532814
864,116337
865,372040
866,422122
867,797676
868,223312
869,471550
870,757816
871,533997
872,755848
873,340084
874,210474
875,649941
876,104655
877,710071
878,723447
879,179018
880,765725
881,399149
882,105857
883,577430
884,213322
885,419063
886,475018
887,223483
888,238130
889,134018
890,426209
891,709224
892,613007
893,570727
894,251896
895,410911
896,485405
897,158550
898,567439
899,376545
900,607438
901,126855
902,557619
903,110840
904,210130
905,587445
906,349723
907,443828
908,345042
909,624401
910,169802
911,760651
912,152485
913,484574
914,734619
915,798519
916,166369
917,172197
918,467620
919,368549
920,471744
921,646323
922,370654
923,519670
924,135611
925,742619
926,496544
927,686263
928,243731
929,366927
930,496667
931,553197
932,733310
933,507948
934,622463
935,220693
936,260503
937,373687
938,546450
939,383795
940,569507
941,756315
942,189292
943,146268
944,197577
945,605639
946,234864
947,352460
948,674853
949,416774
950,146529
951,145914
952,151149
953,367514
954,600622
955,178962
956,316592
957,127669
958,758912
959,696266
960,354583
961,440124
962,349819
963,267568
964,746514
965,532751
966,222533
967,747322
968,652869
969,161065
970,267992
971,458636
972,445640
973,373457
974,171041
975,666169
976,702932
977,270553
978,190311
979,101066
980,373447
981,203994
982,176371
983,790246
984,327373
985,211291
986,679266
987,438336
988,116393
989,255883
990,362217
991,203920
992,125742
993,685570
994,773653
995,320525
996,480072
997,514787
998,567103
999,513501
1000,330551
1001,705374
1002,613755
1003,339512
1004,639994
1005,588867
1006,597835
1007,437545
1008,480128
1009,285310
1010,579703
1011,175628
1012,247762
1013,317994
1014,168550
1015,219467
1016,112494
1017,583616
1018,398278
1019,732360
1020,687842
1021,225662
1022,189731
1023,403076
1024,270378
1025,376371
1026,551232
1027,300668
1028,641708
1029,499183
1030,453986
1031,677067
1032,654032
1033,174863
1034,749507
1035,781081
1036,622755
1037,457712
1038,107315
1039,421300
1040,763895
1041,646925
1042,759205
1043,308795
1044,278137
1045,784105
1046,704404
1047,324570
1048,581076
1049,417527
1050,260217
1051,780877
1052,776661
1053,189147
1054,418514
1055,305624
1056,629798
1057,494691
1058,272235
1059,657112
1060,728318
1061,519991
1062,753868
1063,546343
1064,173484
1065,304714
1066,635656
1067,407898
1068,476802
1069,569062
1070,570992
1071,345583
1072,411180
1073,236261
1074,225309
1075,522416
1076,742674
1077,175043
1078,163478
1079,668165
1080,162438
1081,760852
1082,783730
1083,310745
1084,141879
1085,240479
1086,746218
1087,284815
1088,703270
1089,721392
1090,584607
1091,592588
1092,569032
1093,574887
1094,310281
1095,459647
1096,757057
1097,472974
1098,350252
1099,125489